File	Well	Sample	Cq
20211112_981523_PostDnase_AW.rdml	B12	TG1080235	26.5674617422224
20211112_981523_PostDnase_AW.rdml	C01	TG1080236	NaN
20211112_981523_PostDnase_AW.rdml	C02	TG1080237	22.7007998400849
20211112_981523_PostDnase_AW.rdml	C03	TG1080238	21.1330852918609
20211112_981523_PostDnase_AW.rdml	B08	TG1080231	NaN
20211112_981523_PostDnase_AW.rdml	B09	TG1080232	NaN
20211112_981523_PostDnase_AW.rdml	B10	TG1080233	23.0533828701833
20211112_981523_PostDnase_AW.rdml	B11	TG1080234	NaN
20211112_981523_PostDnase_AW.rdml	C04	TG1080239	NaN
20211112_981523_PostDnase_AW.rdml	C05	TG1080240	20.6766130292235
20211112_981523_PostDnase_AW.rdml	A04	TG1080215	NaN
20211112_981523_PostDnase_AW.rdml	A08	TG1080219	28.6273901855158
20211112_981523_PostDnase_AW.rdml	E11	TG1080270	24.7439700145096
20211112_981523_PostDnase_AW.rdml	E10	TG1080269	17.5793220594237
20211112_981523_PostDnase_AW.rdml	E07	TG1080266	23.899546025354
20211112_981523_PostDnase_AW.rdml	E06	TG1080265	NaN
20211112_981523_PostDnase_AW.rdml	E09	TG1080268	NaN
20211112_981523_PostDnase_AW.rdml	E08	TG1080267	16.7444627417684
20211112_981523_PostDnase_AW.rdml	E03	TG1080262	NaN
20211112_981523_PostDnase_AW.rdml	E02	TG1080261	NaN
20211112_981523_PostDnase_AW.rdml	E05	TG1080264	NaN
20211112_981523_PostDnase_AW.rdml	E04	TG1080263	NaN
20211112_981523_PostDnase_AW.rdml	H04	TG1080299	NaN
20211112_981523_PostDnase_AW.rdml	H05	TG1080300	21.8267905780737
20211112_981523_PostDnase_AW.rdml	G10	TG1080293	25.2972004111251
20211112_981523_PostDnase_AW.rdml	G11	TG1080294	NaN
20211112_981523_PostDnase_AW.rdml	G08	TG1080291	17.6677640093156
20211112_981523_PostDnase_AW.rdml	G09	TG1080292	NaN
20211112_981523_PostDnase_AW.rdml	H02	TG1080297	28.2434812886383
20211112_981523_PostDnase_AW.rdml	H03	TG1080298	NaN
20211112_981523_PostDnase_AW.rdml	G12	TG1080295	26.1102690801053
20211112_981523_PostDnase_AW.rdml	H01	TG1080296	NaN
20211112_981523_PostDnase_AW.rdml	A03	TG1080214	20.0102476415149
20211112_981523_PostDnase_AW.rdml	A07	TG1080218	NaN
20211112_981523_PostDnase_AW.rdml	D03	TG1080250	18.1408317833534
20211112_981523_PostDnase_AW.rdml	D02	TG1080249	NaN
20211112_981523_PostDnase_AW.rdml	C09	TG1080244	NaN
20211112_981523_PostDnase_AW.rdml	C08	TG1080243	28.007425403752
20211112_981523_PostDnase_AW.rdml	C07	TG1080242	NaN
20211112_981523_PostDnase_AW.rdml	C06	TG1080241	18.1757062294602
20211112_981523_PostDnase_AW.rdml	D01	TG1080248	NaN
20211112_981523_PostDnase_AW.rdml	C12	TG1080247	NaN
20211112_981523_PostDnase_AW.rdml	C11	TG1080246	NaN
20211112_981523_PostDnase_AW.rdml	C10	TG1080245	27.2549097745955
20211112_981523_PostDnase_AW.rdml	E12	TG1080271	NaN
20211112_981523_PostDnase_AW.rdml	F01	TG1080272	NaN
20211112_981523_PostDnase_AW.rdml	F02	TG1080273	21.1920270406602
20211112_981523_PostDnase_AW.rdml	F03	TG1080274	NaN
20211112_981523_PostDnase_AW.rdml	F04	TG1080275	NaN
20211112_981523_PostDnase_AW.rdml	F05	TG1080276	30.4015084710509
20211112_981523_PostDnase_AW.rdml	F06	TG1080277	NaN
20211112_981523_PostDnase_AW.rdml	F07	TG1080278	NaN
20211112_981523_PostDnase_AW.rdml	F08	TG1080279	NaN
20211112_981523_PostDnase_AW.rdml	F09	TG1080280	NaN
20211112_981523_PostDnase_AW.rdml	A02	TG1080213	19.3090261035561
20211112_981523_PostDnase_AW.rdml	A06	TG1080217	NaN
20211112_981523_PostDnase_AW.rdml	H07	TG1080302	21.3353881512664
20211112_981523_PostDnase_AW.rdml	H06	TG1080301	13.4181746483915
20211112_981523_PostDnase_AW.rdml	H09	TG1080304	23.6283331980957
20211112_981523_PostDnase_AW.rdml	H08	TG1080303	23.5687626274159
20211112_981523_PostDnase_AW.rdml	H11	TG1080306	30.938060932964
20211112_981523_PostDnase_AW.rdml	H10	TG1080305	NaN
20211112_981523_PostDnase_AW.rdml	H12	NTC	NaN
20211112_981523_PostDnase_AW.rdml	A11	TG1080222	NaN
20211112_981523_PostDnase_AW.rdml	A10	TG1080221	27.6801536296515
20211112_981523_PostDnase_AW.rdml	B01	TG1080224	20.850648513728
20211112_981523_PostDnase_AW.rdml	A12	TG1080223	19.95977329631
20211112_981523_PostDnase_AW.rdml	B03	TG1080226	NaN
20211112_981523_PostDnase_AW.rdml	B02	TG1080225	NaN
20211112_981523_PostDnase_AW.rdml	B05	TG1080228	NaN
20211112_981523_PostDnase_AW.rdml	B04	TG1080227	NaN
20211112_981523_PostDnase_AW.rdml	B07	TG1080230	NaN
20211112_981523_PostDnase_AW.rdml	B06	TG1080229	28.1355890401556
20211112_981523_PostDnase_AW.rdml	D12	TG1080259	NaN
20211112_981523_PostDnase_AW.rdml	E01	TG1080260	NaN
20211112_981523_PostDnase_AW.rdml	D10	TG1080257	NaN
20211112_981523_PostDnase_AW.rdml	D11	TG1080258	NaN
20211112_981523_PostDnase_AW.rdml	D08	TG1080255	23.4330477400038
20211112_981523_PostDnase_AW.rdml	D09	TG1080256	NaN
20211112_981523_PostDnase_AW.rdml	D06	TG1080253	17.1028520837434
20211112_981523_PostDnase_AW.rdml	D07	TG1080254	19.8126490435356
20211112_981523_PostDnase_AW.rdml	D04	TG1080251	NaN
20211112_981523_PostDnase_AW.rdml	D05	TG1080252	31.4989339021767
20211112_981523_PostDnase_AW.rdml	A01	TG1080212	NaN
20211112_981523_PostDnase_AW.rdml	A05	TG1080216	NaN
20211112_981523_PostDnase_AW.rdml	A09	TG1080220	NaN
20211112_981523_PostDnase_AW.rdml	G05	TG1080288	NaN
20211112_981523_PostDnase_AW.rdml	G04	TG1080287	20.3165045839664
20211112_981523_PostDnase_AW.rdml	G03	TG1080286	18.7064940063584
20211112_981523_PostDnase_AW.rdml	G02	TG1080285	NaN
20211112_981523_PostDnase_AW.rdml	G01	TG1080284	18.0528151718243
20211112_981523_PostDnase_AW.rdml	F12	TG1080283	NaN
20211112_981523_PostDnase_AW.rdml	F11	TG1080282	NaN
20211112_981523_PostDnase_AW.rdml	F10	TG1080281	NaN
20211112_981523_PostDnase_AW.rdml	G07	TG1080290	20.2661266060774
20211112_981523_PostDnase_AW.rdml	G06	TG1080289	25.1720766848206
20211112_981522_PostDnase_DAL.rdml	B12	TG1080139	20.9976580119406
20211112_981522_PostDnase_DAL.rdml	C01	TG1080140	NaN
20211112_981522_PostDnase_DAL.rdml	C02	TG1080141	NaN
20211112_981522_PostDnase_DAL.rdml	C03	TG1080142	21.4971576256785
20211112_981522_PostDnase_DAL.rdml	B08	TG1080135	NaN
20211112_981522_PostDnase_DAL.rdml	B09	TG1080136	18.495719774698
20211112_981522_PostDnase_DAL.rdml	B10	TG1080137	NaN
20211112_981522_PostDnase_DAL.rdml	B11	TG1080138	NaN
20211112_981522_PostDnase_DAL.rdml	C04	TG1080143	NaN
20211112_981522_PostDnase_DAL.rdml	C05	TG1080144	NaN
20211112_981522_PostDnase_DAL.rdml	A04	TG1080119	NaN
20211112_981522_PostDnase_DAL.rdml	A08	TG1080123	NaN
20211112_981522_PostDnase_DAL.rdml	E11	TG1080174	27.2755455473694
20211112_981522_PostDnase_DAL.rdml	E10	TG1080173	NaN
20211112_981522_PostDnase_DAL.rdml	E07	TG1080170	19.2534464745015
20211112_981522_PostDnase_DAL.rdml	E06	TG1080169	NaN
20211112_981522_PostDnase_DAL.rdml	E09	TG1080172	28.3878673540214
20211112_981522_PostDnase_DAL.rdml	E08	TG1080171	NaN
20211112_981522_PostDnase_DAL.rdml	E03	TG1080166	27.5024012865089
20211112_981522_PostDnase_DAL.rdml	E02	TG1080165	26.630182004702
20211112_981522_PostDnase_DAL.rdml	E05	TG1080168	NaN
20211112_981522_PostDnase_DAL.rdml	E04	TG1080167	21.9628258922007
20211112_981522_PostDnase_DAL.rdml	H04	TG1080203	NaN
20211112_981522_PostDnase_DAL.rdml	H05	TG1080204	NaN
20211112_981522_PostDnase_DAL.rdml	G10	TG1080197	NaN
20211112_981522_PostDnase_DAL.rdml	G11	TG1080198	NaN
20211112_981522_PostDnase_DAL.rdml	G08	TG1080195	NaN
20211112_981522_PostDnase_DAL.rdml	G09	TG1080196	20.5822471333547
20211112_981522_PostDnase_DAL.rdml	H02	TG1080201	22.7188282922043
20211112_981522_PostDnase_DAL.rdml	H03	TG1080202	NaN
20211112_981522_PostDnase_DAL.rdml	G12	TG1080199	NaN
20211112_981522_PostDnase_DAL.rdml	H01	TG1080200	NaN
20211112_981522_PostDnase_DAL.rdml	A03	TG1080118	NaN
20211112_981522_PostDnase_DAL.rdml	A07	TG1080122	NaN
20211112_981522_PostDnase_DAL.rdml	D03	TG1080154	NaN
20211112_981522_PostDnase_DAL.rdml	D02	TG1080153	NaN
20211112_981522_PostDnase_DAL.rdml	C09	TG1080148	NaN
20211112_981522_PostDnase_DAL.rdml	C08	TG1080147	15.739315981284
20211112_981522_PostDnase_DAL.rdml	C07	TG1080146	30.3673648333703
20211112_981522_PostDnase_DAL.rdml	C06	TG1080145	NaN
20211112_981522_PostDnase_DAL.rdml	D01	TG1080152	17.6415418472829
20211112_981522_PostDnase_DAL.rdml	C12	TG1080151	26.8395391368424
20211112_981522_PostDnase_DAL.rdml	C11	TG1080150	NaN
20211112_981522_PostDnase_DAL.rdml	C10	TG1080149	NaN
20211112_981522_PostDnase_DAL.rdml	E12	TG1080175	NaN
20211112_981522_PostDnase_DAL.rdml	F01	TG1080176	20.0361083217807
20211112_981522_PostDnase_DAL.rdml	F02	TG1080177	NaN
20211112_981522_PostDnase_DAL.rdml	F03	TG1080178	16.0389711256692
20211112_981522_PostDnase_DAL.rdml	F04	TG1080179	22.6881990388577
20211112_981522_PostDnase_DAL.rdml	F05	TG1080180	20.1319085288771
20211112_981522_PostDnase_DAL.rdml	F06	TG1080181	16.7343132560638
20211112_981522_PostDnase_DAL.rdml	F07	TG1080182	NaN
20211112_981522_PostDnase_DAL.rdml	F08	TG1080183	26.8608983174872
20211112_981522_PostDnase_DAL.rdml	F09	TG1080184	NaN
20211112_981522_PostDnase_DAL.rdml	A02	TG1080117	27.1297475751091
20211112_981522_PostDnase_DAL.rdml	A06	TG1080121	NaN
20211112_981522_PostDnase_DAL.rdml	H07	TG1080206	NaN
20211112_981522_PostDnase_DAL.rdml	H06	TG1080205	NaN
20211112_981522_PostDnase_DAL.rdml	H09	TG1080208	NaN
20211112_981522_PostDnase_DAL.rdml	H08	TG1080207	NaN
20211112_981522_PostDnase_DAL.rdml	H11	TG1080210	27.299744104967
20211112_981522_PostDnase_DAL.rdml	H10	TG1080209	NaN
20211112_981522_PostDnase_DAL.rdml	H12	NTC	NaN
20211112_981522_PostDnase_DAL.rdml	A11	TG1080126	16.870379701143
20211112_981522_PostDnase_DAL.rdml	A10	TG1080125	NaN
20211112_981522_PostDnase_DAL.rdml	B01	TG1080128	22.7313305327699
20211112_981522_PostDnase_DAL.rdml	A12	TG1080127	NaN
20211112_981522_PostDnase_DAL.rdml	B03	TG1080130	20.4249486807288
20211112_981522_PostDnase_DAL.rdml	B02	TG1080129	15.0362187908672
20211112_981522_PostDnase_DAL.rdml	B05	TG1080132	30.497317684462
20211112_981522_PostDnase_DAL.rdml	B04	TG1080131	NaN
20211112_981522_PostDnase_DAL.rdml	B07	TG1080134	28.6186274129643
20211112_981522_PostDnase_DAL.rdml	B06	TG1080133	NaN
20211112_981522_PostDnase_DAL.rdml	D12	TG1080163	30.5253881459871
20211112_981522_PostDnase_DAL.rdml	E01	TG1080164	26.7676523421563
20211112_981522_PostDnase_DAL.rdml	D10	TG1080161	NaN
20211112_981522_PostDnase_DAL.rdml	D11	TG1080162	31.9019896221036
20211112_981522_PostDnase_DAL.rdml	D08	TG1080159	18.3256004403423
20211112_981522_PostDnase_DAL.rdml	D09	TG1080160	NaN
20211112_981522_PostDnase_DAL.rdml	D06	TG1080157	15.0039996853921
20211112_981522_PostDnase_DAL.rdml	D07	TG1080158	NaN
20211112_981522_PostDnase_DAL.rdml	D04	TG1080155	NaN
20211112_981522_PostDnase_DAL.rdml	D05	TG1080156	NaN
20211112_981522_PostDnase_DAL.rdml	A01	TG1080116	NaN
20211112_981522_PostDnase_DAL.rdml	A05	TG1080120	NaN
20211112_981522_PostDnase_DAL.rdml	A09	TG1080124	24.1659045477267
20211112_981522_PostDnase_DAL.rdml	G05	TG1080192	NaN
20211112_981522_PostDnase_DAL.rdml	G04	TG1080191	15.0304362237244
20211112_981522_PostDnase_DAL.rdml	G03	TG1080190	29.8164394505277
20211112_981522_PostDnase_DAL.rdml	G02	TG1080189	NaN
20211112_981522_PostDnase_DAL.rdml	G01	TG1080188	24.7578883555174
20211112_981522_PostDnase_DAL.rdml	F12	TG1080187	NaN
20211112_981522_PostDnase_DAL.rdml	F11	TG1080186	NaN
20211112_981522_PostDnase_DAL.rdml	F10	TG1080185	NaN
20211112_981522_PostDnase_DAL.rdml	G07	TG1080194	23.2603902961336
20211112_981522_PostDnase_DAL.rdml	G06	TG1080193	NaN
20211112_981524_PostDnase_AW.rdml	B12	TG1082484	NaN
20211112_981524_PostDnase_AW.rdml	C01	TG1082485	NaN
20211112_981524_PostDnase_AW.rdml	C02	TG1082486	31.4581167762814
20211112_981524_PostDnase_AW.rdml	C03	TG1082487	NaN
20211112_981524_PostDnase_AW.rdml	B08	TG1082480	24.0225848274707
20211112_981524_PostDnase_AW.rdml	B09	TG1082481	NaN
20211112_981524_PostDnase_AW.rdml	B10	TG1082482	NaN
20211112_981524_PostDnase_AW.rdml	B11	TG1082483	NaN
20211112_981524_PostDnase_AW.rdml	C04	TG1082488	20.1833282733694
20211112_981524_PostDnase_AW.rdml	C05	TG1082489	NaN
20211112_981524_PostDnase_AW.rdml	A04	TG1082464	30.5996333345614
20211112_981524_PostDnase_AW.rdml	A08	TG1082468	17.2537707504948
20211112_981524_PostDnase_AW.rdml	E11	TG1082519	NaN
20211112_981524_PostDnase_AW.rdml	E10	TG1082518	NaN
20211112_981524_PostDnase_AW.rdml	E07	TG1082515	NaN
20211112_981524_PostDnase_AW.rdml	E06	TG1082514	NaN
20211112_981524_PostDnase_AW.rdml	E09	TG1082517	NaN
20211112_981524_PostDnase_AW.rdml	E08	TG1082516	NaN
20211112_981524_PostDnase_AW.rdml	E03	TG1082511	21.6894825388249
20211112_981524_PostDnase_AW.rdml	E02	TG1082510	25.8280778230902
20211112_981524_PostDnase_AW.rdml	E05	TG1082513	NaN
20211112_981524_PostDnase_AW.rdml	E04	TG1082512	15.7889666851434
20211112_981524_PostDnase_AW.rdml	H04	TG1082548	31.398753518609
20211112_981524_PostDnase_AW.rdml	H05	TG1082549	32.0473280280895
20211112_981524_PostDnase_AW.rdml	G10	TG1082542	20.6844692238819
20211112_981524_PostDnase_AW.rdml	G11	TG1082543	18.2676333511488
20211112_981524_PostDnase_AW.rdml	G08	TG1082540	16.265655094174
20211112_981524_PostDnase_AW.rdml	G09	TG1082541	18.6227450152668
20211112_981524_PostDnase_AW.rdml	H02	TG1082546	31.4677239943924
20211112_981524_PostDnase_AW.rdml	H03	TG1082547	24.8330120014559
20211112_981524_PostDnase_AW.rdml	G12	TG1082544	18.6216804163949
20211112_981524_PostDnase_AW.rdml	H01	TG1082545	NaN
20211112_981524_PostDnase_AW.rdml	A03	TG1082463	NaN
20211112_981524_PostDnase_AW.rdml	A07	TG1082467	23.0648936003767
20211112_981524_PostDnase_AW.rdml	D03	TG1082499	NaN
20211112_981524_PostDnase_AW.rdml	D02	TG1082498	23.9878415037637
20211112_981524_PostDnase_AW.rdml	C09	TG1082493	NaN
20211112_981524_PostDnase_AW.rdml	C08	TG1082492	27.3346196817785
20211112_981524_PostDnase_AW.rdml	C07	TG1082491	33.0450128542813
20211112_981524_PostDnase_AW.rdml	C06	TG1082490	16.7547835010387
20211112_981524_PostDnase_AW.rdml	D01	TG1082497	21.5184180881782
20211112_981524_PostDnase_AW.rdml	C12	TG1082496	NaN
20211112_981524_PostDnase_AW.rdml	C11	TG1082495	21.8902191589926
20211112_981524_PostDnase_AW.rdml	C10	TG1082494	18.0514302385419
20211112_981524_PostDnase_AW.rdml	E12	TG1082520	24.214291722898
20211112_981524_PostDnase_AW.rdml	F01	TG1082521	19.1742497163237
20211112_981524_PostDnase_AW.rdml	F02	TG1082522	23.5644174964293
20211112_981524_PostDnase_AW.rdml	F03	TG1082523	22.7402580503006
20211112_981524_PostDnase_AW.rdml	F04	TG1082524	NaN
20211112_981524_PostDnase_AW.rdml	F05	TG1082525	NaN
20211112_981524_PostDnase_AW.rdml	F06	TG1082526	NaN
20211112_981524_PostDnase_AW.rdml	F07	TG1082527	27.3847598151612
20211112_981524_PostDnase_AW.rdml	F08	TG1082528	29.6133895299656
20211112_981524_PostDnase_AW.rdml	F09	TG1082529	20.7028921808237
20211112_981524_PostDnase_AW.rdml	A02	TG1082462	32.0650327621905
20211112_981524_PostDnase_AW.rdml	A06	TG1082466	16.0351756332061
20211112_981524_PostDnase_AW.rdml	H07	TG1082551	19.1755530498487
20211112_981524_PostDnase_AW.rdml	H06	TG1082550	NaN
20211112_981524_PostDnase_AW.rdml	H09	TG1082553	NaN
20211112_981524_PostDnase_AW.rdml	H08	TG1082552	NaN
20211112_981524_PostDnase_AW.rdml	H11	TG1082555	15.3692468106905
20211112_981524_PostDnase_AW.rdml	H10	TG1082554	NaN
20211112_981524_PostDnase_AW.rdml	H12	NTC	NaN
20211112_981524_PostDnase_AW.rdml	A11	TG1082471	30.8860507226484
20211112_981524_PostDnase_AW.rdml	A10	TG1082470	30.0341116649557
20211112_981524_PostDnase_AW.rdml	B01	TG1082473	NaN
20211112_981524_PostDnase_AW.rdml	A12	TG1082472	NaN
20211112_981524_PostDnase_AW.rdml	B03	TG1082475	22.6053114673605
20211112_981524_PostDnase_AW.rdml	B02	TG1082474	NaN
20211112_981524_PostDnase_AW.rdml	B05	TG1082477	30.9051314003986
20211112_981524_PostDnase_AW.rdml	B04	TG1082476	NaN
20211112_981524_PostDnase_AW.rdml	B07	TG1082479	23.3016517754612
20211112_981524_PostDnase_AW.rdml	B06	TG1082478	NaN
20211112_981524_PostDnase_AW.rdml	D12	TG1082508	28.3712604458036
20211112_981524_PostDnase_AW.rdml	E01	TG1082509	15.4596473315717
20211112_981524_PostDnase_AW.rdml	D10	TG1082506	29.8361388559967
20211112_981524_PostDnase_AW.rdml	D11	TG1082507	NaN
20211112_981524_PostDnase_AW.rdml	D08	TG1082504	22.2557070610104
20211112_981524_PostDnase_AW.rdml	D09	TG1082505	NaN
20211112_981524_PostDnase_AW.rdml	D06	TG1082502	31.6261308787377
20211112_981524_PostDnase_AW.rdml	D07	TG1082503	24.2199166954186
20211112_981524_PostDnase_AW.rdml	D04	TG1082500	NaN
20211112_981524_PostDnase_AW.rdml	D05	TG1082501	23.1426437344068
20211112_981524_PostDnase_AW.rdml	A01	TG1082461	NaN
20211112_981524_PostDnase_AW.rdml	A05	TG1082465	20.8320186894411
20211112_981524_PostDnase_AW.rdml	A09	TG1082469	18.453817727989
20211112_981524_PostDnase_AW.rdml	G05	TG1082537	24.0379358335923
20211112_981524_PostDnase_AW.rdml	G04	TG1082536	NaN
20211112_981524_PostDnase_AW.rdml	G03	TG1082535	NaN
20211112_981524_PostDnase_AW.rdml	G02	TG1082534	20.1522472915287
20211112_981524_PostDnase_AW.rdml	G01	TG1082533	21.7903566511808
20211112_981524_PostDnase_AW.rdml	F12	TG1082532	21.6528345001462
20211112_981524_PostDnase_AW.rdml	F11	TG1082531	NaN
20211112_981524_PostDnase_AW.rdml	F10	TG1082530	21.7524421172407
20211112_981524_PostDnase_AW.rdml	G07	TG1082539	19.9949748757562
20211112_981524_PostDnase_AW.rdml	G06	TG1082538	24.3444965117824
20211112_980559_PostDnase_AW.rdml	B12	TG1074542	NaN
20211112_980559_PostDnase_AW.rdml	C01	TG1074543	20.7916271944346
20211112_980559_PostDnase_AW.rdml	C02	TG1074544	26.4640705358385
20211112_980559_PostDnase_AW.rdml	C03	TG1074545	21.7689568976464
20211112_980559_PostDnase_AW.rdml	B08	TG1074538	26.0703260192337
20211112_980559_PostDnase_AW.rdml	B09	TG1074539	19.4923009031557
20211112_980559_PostDnase_AW.rdml	B10	TG1074540	NaN
20211112_980559_PostDnase_AW.rdml	B11	TG1074541	26.7035316521734
20211112_980559_PostDnase_AW.rdml	C04	TG1074546	NaN
20211112_980559_PostDnase_AW.rdml	C05	TG1074547	NaN
20211112_980559_PostDnase_AW.rdml	A04	TG1074522	NaN
20211112_980559_PostDnase_AW.rdml	A08	TG1074526	NaN
20211112_980559_PostDnase_AW.rdml	E11	TG1074577	NaN
20211112_980559_PostDnase_AW.rdml	E10	TG1074576	NaN
20211112_980559_PostDnase_AW.rdml	E07	TG1074573	22.5321365251055
20211112_980559_PostDnase_AW.rdml	E06	TG1074572	29.7233212904478
20211112_980559_PostDnase_AW.rdml	E09	TG1074575	19.4839041061776
20211112_980559_PostDnase_AW.rdml	E08	TG1074574	24.7492370368315
20211112_980559_PostDnase_AW.rdml	E03	TG1074569	26.956623432667
20211112_980559_PostDnase_AW.rdml	E02	TG1074568	30.2946052606104
20211112_980559_PostDnase_AW.rdml	E05	TG1074571	31.5157457280875
20211112_980559_PostDnase_AW.rdml	E04	TG1074570	20.49442224681
20211112_980559_PostDnase_AW.rdml	H04	TG1074606	26.2636287518217
20211112_980559_PostDnase_AW.rdml	H05	TG1074607	25.6360117232929
20211112_980559_PostDnase_AW.rdml	G10	TG1074600	NaN
20211112_980559_PostDnase_AW.rdml	G11	TG1074601	NaN
20211112_980559_PostDnase_AW.rdml	G08	TG1074598	23.6307379445358
20211112_980559_PostDnase_AW.rdml	G09	TG1074599	22.226303847957
20211112_980559_PostDnase_AW.rdml	H02	TG1074604	26.6901172488708
20211112_980559_PostDnase_AW.rdml	H03	TG1074605	23.4796809139974
20211112_980559_PostDnase_AW.rdml	G12	TG1074602	NaN
20211112_980559_PostDnase_AW.rdml	H01	TG1074603	24.8536924777533
20211112_980559_PostDnase_AW.rdml	A03	TG1074521	24.3488697115012
20211112_980559_PostDnase_AW.rdml	A07	TG1074525	NaN
20211112_980559_PostDnase_AW.rdml	D03	TG1074557	22.6721183051213
20211112_980559_PostDnase_AW.rdml	D02	TG1074556	NaN
20211112_980559_PostDnase_AW.rdml	C09	TG1074551	NaN
20211112_980559_PostDnase_AW.rdml	C08	TG1074550	18.8266343794047
20211112_980559_PostDnase_AW.rdml	C07	TG1074549	18.5932054139518
20211112_980559_PostDnase_AW.rdml	C06	TG1074548	19.0785108114718
20211112_980559_PostDnase_AW.rdml	D01	TG1074555	21.1277890337539
20211112_980559_PostDnase_AW.rdml	C12	TG1074554	22.6239592637976
20211112_980559_PostDnase_AW.rdml	C11	TG1074553	18.849318167479
20211112_980559_PostDnase_AW.rdml	C10	TG1074552	NaN
20211112_980559_PostDnase_AW.rdml	E12	TG1074578	25.1802647479259
20211112_980559_PostDnase_AW.rdml	F01	TG1074579	22.5769613533247
20211112_980559_PostDnase_AW.rdml	F02	TG1074580	23.8629565965823
20211112_980559_PostDnase_AW.rdml	F03	TG1074581	22.2497417574547
20211112_980559_PostDnase_AW.rdml	F04	TG1074582	26.3508907400318
20211112_980559_PostDnase_AW.rdml	F05	TG1074583	16.7498054485461
20211112_980559_PostDnase_AW.rdml	F06	TG1074584	27.8207186188883
20211112_980559_PostDnase_AW.rdml	F07	TG1074585	20.9024803809738
20211112_980559_PostDnase_AW.rdml	F08	TG1074586	21.2199245126019
20211112_980559_PostDnase_AW.rdml	F09	TG1074587	NaN
20211112_980559_PostDnase_AW.rdml	A02	TG1074520	25.8306076424542
20211112_980559_PostDnase_AW.rdml	A06	TG1074524	22.1311212466942
20211112_980559_PostDnase_AW.rdml	H07	TG1074609	19.6626392083751
20211112_980559_PostDnase_AW.rdml	H06	TG1074608	26.4716469530945
20211112_980559_PostDnase_AW.rdml	H09	TG1074611	17.8617421964195
20211112_980559_PostDnase_AW.rdml	H08	TG1074610	30.0345677090126
20211112_980559_PostDnase_AW.rdml	H11	TG1074613	NaN
20211112_980559_PostDnase_AW.rdml	H10	TG1074612	NaN
20211112_980559_PostDnase_AW.rdml	H12	NTC	NaN
20211112_980559_PostDnase_AW.rdml	A11	TG1074529	NaN
20211112_980559_PostDnase_AW.rdml	A10	TG1074528	23.7227964160487
20211112_980559_PostDnase_AW.rdml	B01	TG1074531	27.771454895822
20211112_980559_PostDnase_AW.rdml	A12	TG1074530	17.5958389757501
20211112_980559_PostDnase_AW.rdml	B03	TG1074533	20.1641275305782
20211112_980559_PostDnase_AW.rdml	B02	TG1074532	23.7743088259872
20211112_980559_PostDnase_AW.rdml	B05	TG1074535	NaN
20211112_980559_PostDnase_AW.rdml	B04	TG1074534	28.3181670766872
20211112_980559_PostDnase_AW.rdml	B07	TG1074537	NaN
20211112_980559_PostDnase_AW.rdml	B06	TG1074536	23.5113274627287
20211112_980559_PostDnase_AW.rdml	D12	TG1074566	25.3719735579262
20211112_980559_PostDnase_AW.rdml	E01	TG1074567	NaN
20211112_980559_PostDnase_AW.rdml	D10	TG1074564	19.3372745086845
20211112_980559_PostDnase_AW.rdml	D11	TG1074565	17.7343510157944
20211112_980559_PostDnase_AW.rdml	D08	TG1074562	NaN
20211112_980559_PostDnase_AW.rdml	D09	TG1074563	16.8921837352046
20211112_980559_PostDnase_AW.rdml	D06	TG1074560	17.0306408827441
20211112_980559_PostDnase_AW.rdml	D07	TG1074561	16.9034436956634
20211112_980559_PostDnase_AW.rdml	D04	TG1074558	18.7222352879382
20211112_980559_PostDnase_AW.rdml	D05	TG1074559	18.6322602667667
20211112_980559_PostDnase_AW.rdml	A01	TG1074519	NaN
20211112_980559_PostDnase_AW.rdml	A05	TG1074523	20.618021095142
20211112_980559_PostDnase_AW.rdml	A09	TG1074527	19.3790624369132
20211112_980559_PostDnase_AW.rdml	G05	TG1074595	19.062166488284
20211112_980559_PostDnase_AW.rdml	G04	TG1074594	NaN
20211112_980559_PostDnase_AW.rdml	G03	TG1074593	18.1323594755373
20211112_980559_PostDnase_AW.rdml	G02	TG1074592	20.8343466387254
20211112_980559_PostDnase_AW.rdml	G01	TG1074591	19.4817711856823
20211112_980559_PostDnase_AW.rdml	F12	TG1074590	13.7518696348099
20211112_980559_PostDnase_AW.rdml	F11	TG1074589	23.867904037806
20211112_980559_PostDnase_AW.rdml	F10	TG1074588	24.6697258010624
20211112_980559_PostDnase_AW.rdml	G07	TG1074597	11.9153574728682
20211112_980559_PostDnase_AW.rdml	G06	TG1074596	24.7258479074924
20211112_981338_PostDnase_AW.rdml	B12	TG1079997	30.9655674506583
20211112_981338_PostDnase_AW.rdml	C01	TG1079998	21.1077292718524
20211112_981338_PostDnase_AW.rdml	C02	TG1079999	NaN
20211112_981338_PostDnase_AW.rdml	C03	TG1080000	23.8175512430372
20211112_981338_PostDnase_AW.rdml	B08	TG1079993	NaN
20211112_981338_PostDnase_AW.rdml	B09	TG1079994	30.0504367311595
20211112_981338_PostDnase_AW.rdml	B10	TG1079995	NaN
20211112_981338_PostDnase_AW.rdml	B11	TG1079996	22.6485925746616
20211112_981338_PostDnase_AW.rdml	C04	TG1080001	18.745289853088
20211112_981338_PostDnase_AW.rdml	C05	TG1080002	25.1204608980316
20211112_981338_PostDnase_AW.rdml	A04	TG1079977	27.3108380963453
20211112_981338_PostDnase_AW.rdml	A08	TG1079981	NaN
20211112_981338_PostDnase_AW.rdml	E11	TG1080032	27.2420091117372
20211112_981338_PostDnase_AW.rdml	E10	TG1080031	29.7547608160797
20211112_981338_PostDnase_AW.rdml	E07	TG1080028	NaN
20211112_981338_PostDnase_AW.rdml	E06	TG1080027	NaN
20211112_981338_PostDnase_AW.rdml	E09	TG1080030	25.7290403708499
20211112_981338_PostDnase_AW.rdml	E08	TG1080029	29.8618398261859
20211112_981338_PostDnase_AW.rdml	E03	TG1080024	23.5467053181011
20211112_981338_PostDnase_AW.rdml	E02	TG1080023	23.2360080039873
20211112_981338_PostDnase_AW.rdml	E05	TG1080026	11.4670887776171
20211112_981338_PostDnase_AW.rdml	E04	TG1080025	27.6275902460614
20211112_981338_PostDnase_AW.rdml	H04	TG1080061	23.3143679945008
20211112_981338_PostDnase_AW.rdml	H05	TG1080062	18.2201768367077
20211112_981338_PostDnase_AW.rdml	G10	TG1080055	13.8638940045458
20211112_981338_PostDnase_AW.rdml	G11	TG1080056	24.8047244012559
20211112_981338_PostDnase_AW.rdml	G08	TG1080053	NaN
20211112_981338_PostDnase_AW.rdml	G09	TG1080054	25.9886867998575
20211112_981338_PostDnase_AW.rdml	H02	TG1080059	29.7320600871808
20211112_981338_PostDnase_AW.rdml	H03	TG1080060	15.9522900243724
20211112_981338_PostDnase_AW.rdml	G12	TG1080057	NaN
20211112_981338_PostDnase_AW.rdml	H01	TG1080058	28.0008773103165
20211112_981338_PostDnase_AW.rdml	A03	TG1079976	20.2753028234103
20211112_981338_PostDnase_AW.rdml	A07	TG1079980	18.0576392829316
20211112_981338_PostDnase_AW.rdml	D03	TG1080012	21.8615032429592
20211112_981338_PostDnase_AW.rdml	D02	TG1080011	30.8546396511445
20211112_981338_PostDnase_AW.rdml	C09	TG1080006	19.3558983004713
20211112_981338_PostDnase_AW.rdml	C08	TG1080005	32.6312064766795
20211112_981338_PostDnase_AW.rdml	C07	TG1080004	23.6439441622649
20211112_981338_PostDnase_AW.rdml	C06	TG1080003	25.5959716322253
20211112_981338_PostDnase_AW.rdml	D01	TG1080010	NaN
20211112_981338_PostDnase_AW.rdml	C12	TG1080009	20.0132742263502
20211112_981338_PostDnase_AW.rdml	C11	TG1080008	23.4119793050984
20211112_981338_PostDnase_AW.rdml	C10	TG1080007	15.5958814389818
20211112_981338_PostDnase_AW.rdml	E12	TG1080033	31.3275721231572
20211112_981338_PostDnase_AW.rdml	F01	TG1080034	19.604396240878
20211112_981338_PostDnase_AW.rdml	F02	TG1080035	28.319391083848
20211112_981338_PostDnase_AW.rdml	F03	TG1080036	17.5134827135018
20211112_981338_PostDnase_AW.rdml	F04	TG1080037	18.7492885331226
20211112_981338_PostDnase_AW.rdml	F05	TG1080038	34
20211112_981338_PostDnase_AW.rdml	F06	TG1080039	18.676914207134
20211112_981338_PostDnase_AW.rdml	F07	TG1080040	30.3966374334661
20211112_981338_PostDnase_AW.rdml	F08	TG1080041	NaN
20211112_981338_PostDnase_AW.rdml	F09	TG1080042	22.7646135051598
20211112_981338_PostDnase_AW.rdml	A02	TG1079975	26.9409588976901
20211112_981338_PostDnase_AW.rdml	A06	TG1079979	31.5428570338017
20211112_981338_PostDnase_AW.rdml	H07	TG1080064	NaN
20211112_981338_PostDnase_AW.rdml	H06	TG1080063	14.2808242238037
20211112_981338_PostDnase_AW.rdml	H09	TG1080066	21.8696059518036
20211112_981338_PostDnase_AW.rdml	H08	TG1080065	NaN
20211112_981338_PostDnase_AW.rdml	H11	TG1080068	NaN
20211112_981338_PostDnase_AW.rdml	H10	TG1080067	21.6431837617383
20211112_981338_PostDnase_AW.rdml	H12	NTC	NaN
20211112_981338_PostDnase_AW.rdml	A11	TG1079984	26.7754824268621
20211112_981338_PostDnase_AW.rdml	A10	TG1079983	22.6516525458694
20211112_981338_PostDnase_AW.rdml	B01	TG1079986	NaN
20211112_981338_PostDnase_AW.rdml	A12	TG1079985	NaN
20211112_981338_PostDnase_AW.rdml	B03	TG1079988	NaN
20211112_981338_PostDnase_AW.rdml	B02	TG1079987	NaN
20211112_981338_PostDnase_AW.rdml	B05	TG1079990	34
20211112_981338_PostDnase_AW.rdml	B04	TG1079989	NaN
20211112_981338_PostDnase_AW.rdml	B07	TG1079992	30.321830032937
20211112_981338_PostDnase_AW.rdml	B06	TG1079991	NaN
20211112_981338_PostDnase_AW.rdml	D12	TG1080021	20.5797935708957
20211112_981338_PostDnase_AW.rdml	E01	TG1080022	32.5180878329895
20211112_981338_PostDnase_AW.rdml	D10	TG1080019	28.0458248347161
20211112_981338_PostDnase_AW.rdml	D11	TG1080020	NaN
20211112_981338_PostDnase_AW.rdml	D08	TG1080017	32.0123170287852
20211112_981338_PostDnase_AW.rdml	D09	TG1080018	24.7640688159167
20211112_981338_PostDnase_AW.rdml	D06	TG1080015	NaN
20211112_981338_PostDnase_AW.rdml	D07	TG1080016	19.6477023382214
20211112_981338_PostDnase_AW.rdml	D04	TG1080013	NaN
20211112_981338_PostDnase_AW.rdml	D05	TG1080014	27.0788730450288
20211112_981338_PostDnase_AW.rdml	A01	TG1079974	NaN
20211112_981338_PostDnase_AW.rdml	A05	TG1079978	15.3510091686543
20211112_981338_PostDnase_AW.rdml	A09	TG1079982	31.2959431278772
20211112_981338_PostDnase_AW.rdml	G05	TG1080050	22.2667355379829
20211112_981338_PostDnase_AW.rdml	G04	TG1080049	24.0023134671455
20211112_981338_PostDnase_AW.rdml	G03	TG1080048	20.987730449834
20211112_981338_PostDnase_AW.rdml	G02	TG1080047	NaN
20211112_981338_PostDnase_AW.rdml	G01	TG1080046	27.5789832282566
20211112_981338_PostDnase_AW.rdml	F12	TG1080045	22.8685760752262
20211112_981338_PostDnase_AW.rdml	F11	TG1080044	NaN
20211112_981338_PostDnase_AW.rdml	F10	TG1080043	15.1333895987109
20211112_981338_PostDnase_AW.rdml	G07	TG1080052	24.9237278948092
20211112_981338_PostDnase_AW.rdml	G06	TG1080051	19.6120569063341
20211112_980558_PostDnase_AW.rdml	B12	TG1074443	29.952908412186
20211112_980558_PostDnase_AW.rdml	C01	TG1074444	30.3685508610052
20211112_980558_PostDnase_AW.rdml	C02	TG1074445	23.3582599926407
20211112_980558_PostDnase_AW.rdml	C03	TG1074446	30.2654281647828
20211112_980558_PostDnase_AW.rdml	B08	TG1074439	NaN
20211112_980558_PostDnase_AW.rdml	B09	TG1074440	NaN
20211112_980558_PostDnase_AW.rdml	B10	TG1074441	25.5933051459256
20211112_980558_PostDnase_AW.rdml	B11	TG1074442	31.7208050187252
20211112_980558_PostDnase_AW.rdml	C04	TG1074447	20.5123536946412
20211112_980558_PostDnase_AW.rdml	C05	TG1074448	NaN
20211112_980558_PostDnase_AW.rdml	A04	TG1074423	22.0456159460345
20211112_980558_PostDnase_AW.rdml	A08	TG1074427	25.3843510586796
20211112_980558_PostDnase_AW.rdml	E11	TG1074478	18.6692014033246
20211112_980558_PostDnase_AW.rdml	E10	TG1074477	26.0687694888057
20211112_980558_PostDnase_AW.rdml	E07	TG1074474	20.1667839670586
20211112_980558_PostDnase_AW.rdml	E06	TG1074473	NaN
20211112_980558_PostDnase_AW.rdml	E09	TG1074476	13.8859201952627
20211112_980558_PostDnase_AW.rdml	E08	TG1074475	NaN
20211112_980558_PostDnase_AW.rdml	E03	TG1074470	18.6507866530454
20211112_980558_PostDnase_AW.rdml	E02	TG1074469	NaN
20211112_980558_PostDnase_AW.rdml	E05	TG1074472	25.8196794250138
20211112_980558_PostDnase_AW.rdml	E04	TG1074471	22.8609270389035
20211112_980558_PostDnase_AW.rdml	H04	TG1074507	16.8303104893441
20211112_980558_PostDnase_AW.rdml	H05	TG1074508	26.6973477790538
20211112_980558_PostDnase_AW.rdml	G10	TG1074501	NaN
20211112_980558_PostDnase_AW.rdml	G11	TG1074502	15.6904414377774
20211112_980558_PostDnase_AW.rdml	G08	TG1074499	27.9441297296105
20211112_980558_PostDnase_AW.rdml	G09	TG1074500	23.8377035262034
20211112_980558_PostDnase_AW.rdml	H02	TG1074505	31.4191788377918
20211112_980558_PostDnase_AW.rdml	H03	TG1074506	23.8314749563449
20211112_980558_PostDnase_AW.rdml	G12	TG1074503	20.583329816506
20211112_980558_PostDnase_AW.rdml	H01	TG1074504	27.7141440116997
20211112_980558_PostDnase_AW.rdml	A03	TG1074422	NaN
20211112_980558_PostDnase_AW.rdml	A07	TG1074426	NaN
20211112_980558_PostDnase_AW.rdml	D03	TG1074458	NaN
20211112_980558_PostDnase_AW.rdml	D02	TG1074457	28.3499837775019
20211112_980558_PostDnase_AW.rdml	C09	TG1074452	21.8542312458442
20211112_980558_PostDnase_AW.rdml	C08	TG1074451	NaN
20211112_980558_PostDnase_AW.rdml	C07	TG1074450	19.0217597250843
20211112_980558_PostDnase_AW.rdml	C06	TG1074449	23.7920368335174
20211112_980558_PostDnase_AW.rdml	D01	TG1074456	28.3375329704013
20211112_980558_PostDnase_AW.rdml	C12	TG1074455	22.7430345683576
20211112_980558_PostDnase_AW.rdml	C11	TG1074454	16.04754694072
20211112_980558_PostDnase_AW.rdml	C10	TG1074453	26.8338635365531
20211112_980558_PostDnase_AW.rdml	E12	TG1074479	25.8939083628042
20211112_980558_PostDnase_AW.rdml	F01	TG1074480	19.2473620046651
20211112_980558_PostDnase_AW.rdml	F02	TG1074481	29.7996378838423
20211112_980558_PostDnase_AW.rdml	F03	TG1074482	26.7531011768895
20211112_980558_PostDnase_AW.rdml	F04	TG1074483	26.6839508733005
20211112_980558_PostDnase_AW.rdml	F05	TG1074484	19.1016844219072
20211112_980558_PostDnase_AW.rdml	F06	TG1074485	NaN
20211112_980558_PostDnase_AW.rdml	F07	TG1074486	15.0375415809341
20211112_980558_PostDnase_AW.rdml	F08	TG1074487	27.0700275198153
20211112_980558_PostDnase_AW.rdml	F09	TG1074488	17.803671401899
20211112_980558_PostDnase_AW.rdml	A02	TG1074421	24.6950711825151
20211112_980558_PostDnase_AW.rdml	A06	TG1074425	21.9456349410629
20211112_980558_PostDnase_AW.rdml	H07	TG1074510	21.5910226139572
20211112_980558_PostDnase_AW.rdml	H06	TG1074509	21.8009374006074
20211112_980558_PostDnase_AW.rdml	H09	TG1074512	23.8878541005732
20211112_980558_PostDnase_AW.rdml	H08	TG1074511	24.3444617310729
20211112_980558_PostDnase_AW.rdml	H11	TG1074514	29.5874923530662
20211112_980558_PostDnase_AW.rdml	H10	TG1074513	NaN
20211112_980558_PostDnase_AW.rdml	H12	NTC	NaN
20211112_980558_PostDnase_AW.rdml	A11	TG1074430	21.8992261907438
20211112_980558_PostDnase_AW.rdml	A10	TG1074429	NaN
20211112_980558_PostDnase_AW.rdml	B01	TG1074432	23.7425299399968
20211112_980558_PostDnase_AW.rdml	A12	TG1074431	NaN
20211112_980558_PostDnase_AW.rdml	B03	TG1074434	16.2695568772072
20211112_980558_PostDnase_AW.rdml	B02	TG1074433	24.6788837355813
20211112_980558_PostDnase_AW.rdml	B05	TG1074436	NaN
20211112_980558_PostDnase_AW.rdml	B04	TG1074435	23.8304121502631
20211112_980558_PostDnase_AW.rdml	B07	TG1074438	30.8193852998836
20211112_980558_PostDnase_AW.rdml	B06	TG1074437	30.8746116496816
20211112_980558_PostDnase_AW.rdml	D12	TG1074467	30.7052102828477
20211112_980558_PostDnase_AW.rdml	E01	TG1074468	26.2436340967107
20211112_980558_PostDnase_AW.rdml	D10	TG1074465	20.7555928356206
20211112_980558_PostDnase_AW.rdml	D11	TG1074466	18.0465156050605
20211112_980558_PostDnase_AW.rdml	D08	TG1074463	NaN
20211112_980558_PostDnase_AW.rdml	D09	TG1074464	24.720841921729
20211112_980558_PostDnase_AW.rdml	D06	TG1074461	31.6264751791696
20211112_980558_PostDnase_AW.rdml	D07	TG1074462	NaN
20211112_980558_PostDnase_AW.rdml	D04	TG1074459	NaN
20211112_980558_PostDnase_AW.rdml	D05	TG1074460	22.2776650806563
20211112_980558_PostDnase_AW.rdml	A01	TG1074420	NaN
20211112_980558_PostDnase_AW.rdml	A05	TG1074424	18.4737716357979
20211112_980558_PostDnase_AW.rdml	A09	TG1074428	27.6519016116627
20211112_980558_PostDnase_AW.rdml	G05	TG1074496	NaN
20211112_980558_PostDnase_AW.rdml	G04	TG1074495	15.9824555660148
20211112_980558_PostDnase_AW.rdml	G03	TG1074494	NaN
20211112_980558_PostDnase_AW.rdml	G02	TG1074493	16.9301436464025
20211112_980558_PostDnase_AW.rdml	G01	TG1074492	19.5030719766338
20211112_980558_PostDnase_AW.rdml	F12	TG1074491	25.1293850345452
20211112_980558_PostDnase_AW.rdml	F11	TG1074490	20.2513982477676
20211112_980558_PostDnase_AW.rdml	F10	TG1074489	26.0469704876523
20211112_980558_PostDnase_AW.rdml	G07	TG1074498	21.5439730098091
20211112_980558_PostDnase_AW.rdml	G06	TG1074497	21.9245515669176
20211112_980641_PostDnase_AW.rdml	B12	TG1074638	26.4759993567463
20211112_980641_PostDnase_AW.rdml	C01	TG1074639	24.1669245994188
20211112_980641_PostDnase_AW.rdml	C02	TG1074640	NaN
20211112_980641_PostDnase_AW.rdml	C03	TG1074641	21.8597935464315
20211112_980641_PostDnase_AW.rdml	B08	TG1074634	27.7308853044026
20211112_980641_PostDnase_AW.rdml	B09	TG1074635	24.4614051114448
20211112_980641_PostDnase_AW.rdml	B10	TG1074636	33.4442084833366
20211112_980641_PostDnase_AW.rdml	B11	TG1074637	NaN
20211112_980641_PostDnase_AW.rdml	C04	TG1074642	16.9900054421904
20211112_980641_PostDnase_AW.rdml	C05	TG1074643	31.5577730787416
20211112_980641_PostDnase_AW.rdml	A04	TG1074618	NaN
20211112_980641_PostDnase_AW.rdml	A08	TG1074622	NaN
20211112_980641_PostDnase_AW.rdml	E11	TG1074673	31.5393921849906
20211112_980641_PostDnase_AW.rdml	E10	TG1074672	27.2856040224869
20211112_980641_PostDnase_AW.rdml	E07	TG1074669	NaN
20211112_980641_PostDnase_AW.rdml	E06	TG1074668	24.0927072431535
20211112_980641_PostDnase_AW.rdml	E09	TG1074671	17.1066267159674
20211112_980641_PostDnase_AW.rdml	E08	TG1074670	21.4633945436031
20211112_980641_PostDnase_AW.rdml	E03	TG1074665	21.8625498575453
20211112_980641_PostDnase_AW.rdml	E02	TG1074664	22.3966089090062
20211112_980641_PostDnase_AW.rdml	E05	TG1074667	NaN
20211112_980641_PostDnase_AW.rdml	E04	TG1074666	25.7139285478119
20211112_980641_PostDnase_AW.rdml	H04	TG1074702	NaN
20211112_980641_PostDnase_AW.rdml	H05	TG1074703	NaN
20211112_980641_PostDnase_AW.rdml	G10	TG1074696	NaN
20211112_980641_PostDnase_AW.rdml	G11	TG1074697	29.6476491115896
20211112_980641_PostDnase_AW.rdml	G08	TG1074694	24.5741402582794
20211112_980641_PostDnase_AW.rdml	G09	TG1074695	26.877976844246
20211112_980641_PostDnase_AW.rdml	H02	TG1074700	29.5344091559072
20211112_980641_PostDnase_AW.rdml	H03	TG1074701	20.8811792665128
20211112_980641_PostDnase_AW.rdml	G12	TG1074698	31.5842686207179
20211112_980641_PostDnase_AW.rdml	H01	TG1074699	NaN
20211112_980641_PostDnase_AW.rdml	A03	TG1074617	24.3807098516077
20211112_980641_PostDnase_AW.rdml	A07	TG1074621	NaN
20211112_980641_PostDnase_AW.rdml	D03	TG1074653	NaN
20211112_980641_PostDnase_AW.rdml	D02	TG1074652	NaN
20211112_980641_PostDnase_AW.rdml	C09	TG1074647	18.1723583155051
20211112_980641_PostDnase_AW.rdml	C08	TG1074646	32.363030555328
20211112_980641_PostDnase_AW.rdml	C07	TG1074645	24.6692505200593
20211112_980641_PostDnase_AW.rdml	C06	TG1074644	26.4831840029913
20211112_980641_PostDnase_AW.rdml	D01	TG1074651	NaN
20211112_980641_PostDnase_AW.rdml	C12	TG1074650	NaN
20211112_980641_PostDnase_AW.rdml	C11	TG1074649	NaN
20211112_980641_PostDnase_AW.rdml	C10	TG1074648	NaN
20211112_980641_PostDnase_AW.rdml	E12	TG1074674	24.9603876220841
20211112_980641_PostDnase_AW.rdml	F01	TG1074675	26.0316065116699
20211112_980641_PostDnase_AW.rdml	F02	TG1074676	16.8704958572657
20211112_980641_PostDnase_AW.rdml	F03	TG1074677	25.3234764498271
20211112_980641_PostDnase_AW.rdml	F04	TG1074678	21.6206785627419
20211112_980641_PostDnase_AW.rdml	F05	TG1074679	32.0644707520485
20211112_980641_PostDnase_AW.rdml	F06	TG1074680	23.9635065934739
20211112_980641_PostDnase_AW.rdml	F07	TG1074681	25.0141575547924
20211112_980641_PostDnase_AW.rdml	F08	TG1074682	22.2461363973489
20211112_980641_PostDnase_AW.rdml	F09	TG1074683	20.1342052843858
20211112_980641_PostDnase_AW.rdml	A02	TG1074616	NaN
20211112_980641_PostDnase_AW.rdml	A06	TG1074620	NaN
20211112_980641_PostDnase_AW.rdml	H07	TG1074705	21.1501482022676
20211112_980641_PostDnase_AW.rdml	H06	TG1074704	24.5663179605521
20211112_980641_PostDnase_AW.rdml	H09	TG1074707	22.9144156667942
20211112_980641_PostDnase_AW.rdml	H08	TG1074706	NaN
20211112_980641_PostDnase_AW.rdml	H11	TG1074709	19.8119470517258
20211112_980641_PostDnase_AW.rdml	H10	TG1074708	23.9408763550972
20211112_980641_PostDnase_AW.rdml	H12	NTC	NaN
20211112_980641_PostDnase_AW.rdml	A11	TG1074625	NaN
20211112_980641_PostDnase_AW.rdml	A10	TG1074624	NaN
20211112_980641_PostDnase_AW.rdml	B01	TG1074627	19.8002875879172
20211112_980641_PostDnase_AW.rdml	A12	TG1074626	27.1462701085381
20211112_980641_PostDnase_AW.rdml	B03	TG1074629	27.1595946674584
20211112_980641_PostDnase_AW.rdml	B02	TG1074628	22.6836107262061
20211112_980641_PostDnase_AW.rdml	B05	TG1074631	28.2122238270601
20211112_980641_PostDnase_AW.rdml	B04	TG1074630	NaN
20211112_980641_PostDnase_AW.rdml	B07	TG1074633	27.3352613700902
20211112_980641_PostDnase_AW.rdml	B06	TG1074632	31.3466146538221
20211112_980641_PostDnase_AW.rdml	D12	TG1074662	26.7044638826576
20211112_980641_PostDnase_AW.rdml	E01	TG1074663	NaN
20211112_980641_PostDnase_AW.rdml	D10	TG1074660	NaN
20211112_980641_PostDnase_AW.rdml	D11	TG1074661	NaN
20211112_980641_PostDnase_AW.rdml	D08	TG1074658	23.1536661436226
20211112_980641_PostDnase_AW.rdml	D09	TG1074659	23.688094188757
20211112_980641_PostDnase_AW.rdml	D06	TG1074656	34
20211112_980641_PostDnase_AW.rdml	D07	TG1074657	NaN
20211112_980641_PostDnase_AW.rdml	D04	TG1074654	NaN
20211112_980641_PostDnase_AW.rdml	D05	TG1074655	NaN
20211112_980641_PostDnase_AW.rdml	A01	TG1074615	NaN
20211112_980641_PostDnase_AW.rdml	A05	TG1074619	30.6294201842296
20211112_980641_PostDnase_AW.rdml	A09	TG1074623	NaN
20211112_980641_PostDnase_AW.rdml	G05	TG1074691	19.5871980119519
20211112_980641_PostDnase_AW.rdml	G04	TG1074690	NaN
20211112_980641_PostDnase_AW.rdml	G03	TG1074689	16.4476562513704
20211112_980641_PostDnase_AW.rdml	G02	TG1074688	23.2962614676094
20211112_980641_PostDnase_AW.rdml	G01	TG1074687	24.6406397306696
20211112_980641_PostDnase_AW.rdml	F12	TG1074686	31.5882711278665
20211112_980641_PostDnase_AW.rdml	F11	TG1074685	23.4122857243461
20211112_980641_PostDnase_AW.rdml	F10	TG1074684	20.905816770267
20211112_980641_PostDnase_AW.rdml	G07	TG1074693	NaN
20211112_980641_PostDnase_AW.rdml	G06	TG1074692	24.7733314596252
20211112_980102_PostDnase_AW.rdml	B12	TG1073591	NaN
20211112_980102_PostDnase_AW.rdml	C01	TG1073592	21.925734491077
20211112_980102_PostDnase_AW.rdml	C02	TG1073593	20.2706855064087
20211112_980102_PostDnase_AW.rdml	C03	TG1073594	21.0890217270545
20211112_980102_PostDnase_AW.rdml	B08	TG1073587	NaN
20211112_980102_PostDnase_AW.rdml	B09	TG1073588	23.0580083428454
20211112_980102_PostDnase_AW.rdml	B10	TG1073589	26.7549039551559
20211112_980102_PostDnase_AW.rdml	B11	TG1073590	27.2346215506392
20211112_980102_PostDnase_AW.rdml	C04	TG1073595	29.8419102933639
20211112_980102_PostDnase_AW.rdml	C05	TG1073596	NaN
20211112_980102_PostDnase_AW.rdml	A04	TG1073571	20.2843732591534
20211112_980102_PostDnase_AW.rdml	A08	TG1073575	21.7363355041814
20211112_980102_PostDnase_AW.rdml	E11	TG1073626	17.7007279417354
20211112_980102_PostDnase_AW.rdml	E10	TG1073625	16.461993181269
20211112_980102_PostDnase_AW.rdml	E07	TG1073622	NaN
20211112_980102_PostDnase_AW.rdml	E06	TG1073621	NaN
20211112_980102_PostDnase_AW.rdml	E09	TG1073624	NaN
20211112_980102_PostDnase_AW.rdml	E08	TG1073623	30.5405384172676
20211112_980102_PostDnase_AW.rdml	E03	TG1073618	26.9319986230452
20211112_980102_PostDnase_AW.rdml	E02	TG1073617	25.6948855355104
20211112_980102_PostDnase_AW.rdml	E05	TG1073620	NaN
20211112_980102_PostDnase_AW.rdml	E04	TG1073619	NaN
20211112_980102_PostDnase_AW.rdml	H04	TG1073655	29.8921878320945
20211112_980102_PostDnase_AW.rdml	H05	TG1073656	32.4588540880336
20211112_980102_PostDnase_AW.rdml	G10	TG1073649	22.7138006602197
20211112_980102_PostDnase_AW.rdml	G11	TG1073650	NaN
20211112_980102_PostDnase_AW.rdml	G08	TG1073647	NaN
20211112_980102_PostDnase_AW.rdml	G09	TG1073648	NaN
20211112_980102_PostDnase_AW.rdml	H02	TG1073653	24.6363042683103
20211112_980102_PostDnase_AW.rdml	H03	TG1073654	26.8149828854498
20211112_980102_PostDnase_AW.rdml	G12	TG1073651	NaN
20211112_980102_PostDnase_AW.rdml	H01	TG1073652	30.8383346132331
20211112_980102_PostDnase_AW.rdml	A03	TG1073570	31.3420362465334
20211112_980102_PostDnase_AW.rdml	A07	TG1073574	27.0767938641916
20211112_980102_PostDnase_AW.rdml	D03	TG1073606	NaN
20211112_980102_PostDnase_AW.rdml	D02	TG1073605	28.0483816536527
20211112_980102_PostDnase_AW.rdml	C09	TG1073600	21.1162416102901
20211112_980102_PostDnase_AW.rdml	C08	TG1073599	23.8230634677325
20211112_980102_PostDnase_AW.rdml	C07	TG1073598	26.5463882380399
20211112_980102_PostDnase_AW.rdml	C06	TG1073597	24.7341107928059
20211112_980102_PostDnase_AW.rdml	D01	TG1073604	30.1031481441063
20211112_980102_PostDnase_AW.rdml	C12	TG1073603	23.7669546609647
20211112_980102_PostDnase_AW.rdml	C11	TG1073602	24.4468700338202
20211112_980102_PostDnase_AW.rdml	C10	TG1073601	26.9043600504445
20211112_980102_PostDnase_AW.rdml	E12	TG1073627	13.5955412116757
20211112_980102_PostDnase_AW.rdml	F01	TG1073628	26.4687531398174
20211112_980102_PostDnase_AW.rdml	F02	TG1073629	26.4041875343978
20211112_980102_PostDnase_AW.rdml	F03	TG1073630	32.8921261360736
20211112_980102_PostDnase_AW.rdml	F04	TG1073631	23.5129254357373
20211112_980102_PostDnase_AW.rdml	F05	TG1073632	28.0855400299843
20211112_980102_PostDnase_AW.rdml	F06	TG1073633	27.9651343643147
20211112_980102_PostDnase_AW.rdml	F07	TG1073634	21.0720010511405
20211112_980102_PostDnase_AW.rdml	F08	TG1073635	27.6577653772238
20211112_980102_PostDnase_AW.rdml	F09	TG1073636	31.2542894316857
20211112_980102_PostDnase_AW.rdml	A02	TG1073569	19.214393732263
20211112_980102_PostDnase_AW.rdml	A06	TG1073573	17.9476450521632
20211112_980102_PostDnase_AW.rdml	H07	TG1073658	NaN
20211112_980102_PostDnase_AW.rdml	H06	TG1073657	NaN
20211112_980102_PostDnase_AW.rdml	H09	TG1073660	21.5910840896729
20211112_980102_PostDnase_AW.rdml	H08	TG1073659	NaN
20211112_980102_PostDnase_AW.rdml	H11	TG1073662	NaN
20211112_980102_PostDnase_AW.rdml	H10	TG1073661	NaN
20211112_980102_PostDnase_AW.rdml	H12	NTC	NaN
20211112_980102_PostDnase_AW.rdml	A11	TG1073578	25.768999181699
20211112_980102_PostDnase_AW.rdml	A10	TG1073577	20.4287903830831
20211112_980102_PostDnase_AW.rdml	B01	TG1073580	15.741709596273
20211112_980102_PostDnase_AW.rdml	A12	TG1073579	27.1201271112221
20211112_980102_PostDnase_AW.rdml	B03	TG1073582	22.5412448354651
20211112_980102_PostDnase_AW.rdml	B02	TG1073581	NaN
20211112_980102_PostDnase_AW.rdml	B05	TG1073584	31.8801088096897
20211112_980102_PostDnase_AW.rdml	B04	TG1073583	NaN
20211112_980102_PostDnase_AW.rdml	B07	TG1073586	26.6821773571407
20211112_980102_PostDnase_AW.rdml	B06	TG1073585	NaN
20211112_980102_PostDnase_AW.rdml	D12	TG1073615	19.6939351784081
20211112_980102_PostDnase_AW.rdml	E01	TG1073616	NaN
20211112_980102_PostDnase_AW.rdml	D10	TG1073613	32.3032831340751
20211112_980102_PostDnase_AW.rdml	D11	TG1073614	NaN
20211112_980102_PostDnase_AW.rdml	D08	TG1073611	21.3009954352693
20211112_980102_PostDnase_AW.rdml	D09	TG1073612	NaN
20211112_980102_PostDnase_AW.rdml	D06	TG1073609	30.528961321205
20211112_980102_PostDnase_AW.rdml	D07	TG1073610	23.9989575791856
20211112_980102_PostDnase_AW.rdml	D04	TG1073607	27.5779003584493
20211112_980102_PostDnase_AW.rdml	D05	TG1073608	31.1057164157302
20211112_980102_PostDnase_AW.rdml	A01	TG1073568	NaN
20211112_980102_PostDnase_AW.rdml	A05	TG1073572	21.0459896599412
20211112_980102_PostDnase_AW.rdml	A09	TG1073576	NaN
20211112_980102_PostDnase_AW.rdml	G05	TG1073644	30.5576485477418
20211112_980102_PostDnase_AW.rdml	G04	TG1073643	NaN
20211112_980102_PostDnase_AW.rdml	G03	TG1073642	NaN
20211112_980102_PostDnase_AW.rdml	G02	TG1073641	NaN
20211112_980102_PostDnase_AW.rdml	G01	TG1073640	24.9989156767208
20211112_980102_PostDnase_AW.rdml	F12	TG1073639	22.0254590917786
20211112_980102_PostDnase_AW.rdml	F11	TG1073638	19.9547374453685
20211112_980102_PostDnase_AW.rdml	F10	TG1073637	NaN
20211112_980102_PostDnase_AW.rdml	G07	TG1073646	NaN
20211112_980102_PostDnase_AW.rdml	G06	TG1073645	27.2969711067036
20211112_980185_PostDnase_AW.rdml	B12	TG1073787	17.9016050123472
20211112_980185_PostDnase_AW.rdml	C01	TG1073788	18.8513317109873
20211112_980185_PostDnase_AW.rdml	C02	TG1073789	26.8837494824542
20211112_980185_PostDnase_AW.rdml	C03	TG1073790	21.1496420783796
20211112_980185_PostDnase_AW.rdml	B08	TG1073783	17.0112242830481
20211112_980185_PostDnase_AW.rdml	B09	TG1073784	21.3089741270993
20211112_980185_PostDnase_AW.rdml	B10	TG1073785	27.1107356944736
20211112_980185_PostDnase_AW.rdml	B11	TG1073786	18.9165286482326
20211112_980185_PostDnase_AW.rdml	C04	TG1073791	14.7600594728274
20211112_980185_PostDnase_AW.rdml	C05	TG1073792	25.3226983919627
20211112_980185_PostDnase_AW.rdml	A04	TG1073767	22.6998737907861
20211112_980185_PostDnase_AW.rdml	A08	TG1073771	22.011959273903
20211112_980185_PostDnase_AW.rdml	E11	TG1073822	16.098983696919
20211112_980185_PostDnase_AW.rdml	E10	TG1073821	NaN
20211112_980185_PostDnase_AW.rdml	E07	TG1073818	13.8099462826039
20211112_980185_PostDnase_AW.rdml	E06	TG1073817	NaN
20211112_980185_PostDnase_AW.rdml	E09	TG1073820	NaN
20211112_980185_PostDnase_AW.rdml	E08	TG1073819	31.9157769893482
20211112_980185_PostDnase_AW.rdml	E03	TG1073814	28.0411899373695
20211112_980185_PostDnase_AW.rdml	E02	TG1073813	27.6758303840207
20211112_980185_PostDnase_AW.rdml	E05	TG1073816	16.1304283514651
20211112_980185_PostDnase_AW.rdml	E04	TG1073815	18.6525113257518
20211112_980185_PostDnase_AW.rdml	H04	TG1073851	25.6866737397928
20211112_980185_PostDnase_AW.rdml	H05	TG1073852	21.675972363721
20211112_980185_PostDnase_AW.rdml	G10	TG1073845	32.3168408428458
20211112_980185_PostDnase_AW.rdml	G11	TG1073846	17.0162262165527
20211112_980185_PostDnase_AW.rdml	G08	TG1073843	32.0703373693208
20211112_980185_PostDnase_AW.rdml	G09	TG1073844	29.5945574640829
20211112_980185_PostDnase_AW.rdml	H02	TG1073849	27.2709798444572
20211112_980185_PostDnase_AW.rdml	H03	TG1073850	18.5901567694652
20211112_980185_PostDnase_AW.rdml	G12	TG1073847	15.3218405995583
20211112_980185_PostDnase_AW.rdml	H01	TG1073848	22.7666239050324
20211112_980185_PostDnase_AW.rdml	A03	TG1073766	21.324156567328
20211112_980185_PostDnase_AW.rdml	A07	TG1073770	22.9125204222256
20211112_980185_PostDnase_AW.rdml	D03	TG1073802	19.3652925905537
20211112_980185_PostDnase_AW.rdml	D02	TG1073801	21.0572342821037
20211112_980185_PostDnase_AW.rdml	C09	TG1073796	22.797207118364
20211112_980185_PostDnase_AW.rdml	C08	TG1073795	NaN
20211112_980185_PostDnase_AW.rdml	C07	TG1073794	31.4774347172692
20211112_980185_PostDnase_AW.rdml	C06	TG1073793	31.786126504555
20211112_980185_PostDnase_AW.rdml	D01	TG1073800	27.7466779090002
20211112_980185_PostDnase_AW.rdml	C12	TG1073799	12.771440954747
20211112_980185_PostDnase_AW.rdml	C11	TG1073798	32.1397580293934
20211112_980185_PostDnase_AW.rdml	C10	TG1073797	NaN
20211112_980185_PostDnase_AW.rdml	E12	TG1073823	26.764421942674
20211112_980185_PostDnase_AW.rdml	F01	TG1073824	20.9284971133836
20211112_980185_PostDnase_AW.rdml	F02	TG1073825	18.5045004381836
20211112_980185_PostDnase_AW.rdml	F03	TG1073826	19.7814540054397
20211112_980185_PostDnase_AW.rdml	F04	TG1073827	22.152163283401
20211112_980185_PostDnase_AW.rdml	F05	TG1073828	17.3717295346553
20211112_980185_PostDnase_AW.rdml	F06	TG1073829	17.1573666206501
20211112_980185_PostDnase_AW.rdml	F07	TG1073830	24.3014666683788
20211112_980185_PostDnase_AW.rdml	F08	TG1073831	19.919224630212
20211112_980185_PostDnase_AW.rdml	F09	TG1073832	NaN
20211112_980185_PostDnase_AW.rdml	A02	TG1073765	29.9080077224845
20211112_980185_PostDnase_AW.rdml	A06	TG1073769	13.8703096741523
20211112_980185_PostDnase_AW.rdml	H07	TG1073854	14.5631511984793
20211112_980185_PostDnase_AW.rdml	H06	TG1073853	21.0569653112799
20211112_980185_PostDnase_AW.rdml	H09	TG1073856	13.9230089048778
20211112_980185_PostDnase_AW.rdml	H08	TG1073855	20.3322520033707
20211112_980185_PostDnase_AW.rdml	H11	TG1073858	16.1262342659208
20211112_980185_PostDnase_AW.rdml	H10	TG1073857	19.1100403835715
20211112_980185_PostDnase_AW.rdml	H12	NTC	NaN
20211112_980185_PostDnase_AW.rdml	A11	TG1073774	25.7496954328412
20211112_980185_PostDnase_AW.rdml	A10	TG1073773	31.8442520651655
20211112_980185_PostDnase_AW.rdml	B01	TG1073776	13.8045256639757
20211112_980185_PostDnase_AW.rdml	A12	TG1073775	25.6065980367938
20211112_980185_PostDnase_AW.rdml	B03	TG1073778	15.1551641595519
20211112_980185_PostDnase_AW.rdml	B02	TG1073777	22.8094071514568
20211112_980185_PostDnase_AW.rdml	B05	TG1073780	19.6621222541058
20211112_980185_PostDnase_AW.rdml	B04	TG1073779	25.9539323015915
20211112_980185_PostDnase_AW.rdml	B07	TG1073782	26.8417386931291
20211112_980185_PostDnase_AW.rdml	B06	TG1073781	18.8044980299166
20211112_980185_PostDnase_AW.rdml	D12	TG1073811	25.6181311916427
20211112_980185_PostDnase_AW.rdml	E01	TG1073812	23.8540617564393
20211112_980185_PostDnase_AW.rdml	D10	TG1073809	18.0446767461155
20211112_980185_PostDnase_AW.rdml	D11	TG1073810	32.2933057474599
20211112_980185_PostDnase_AW.rdml	D08	TG1073807	NaN
20211112_980185_PostDnase_AW.rdml	D09	TG1073808	23.7071212892624
20211112_980185_PostDnase_AW.rdml	D06	TG1073805	NaN
20211112_980185_PostDnase_AW.rdml	D07	TG1073806	18.9299404367382
20211112_980185_PostDnase_AW.rdml	D04	TG1073803	17.7239943715372
20211112_980185_PostDnase_AW.rdml	D05	TG1073804	NaN
20211112_980185_PostDnase_AW.rdml	A01	TG1073764	NaN
20211112_980185_PostDnase_AW.rdml	A05	TG1073768	19.3608466778361
20211112_980185_PostDnase_AW.rdml	A09	TG1073772	29.8743989798444
20211112_980185_PostDnase_AW.rdml	G05	TG1073840	30.9155209283296
20211112_980185_PostDnase_AW.rdml	G04	TG1073839	20.6187457578156
20211112_980185_PostDnase_AW.rdml	G03	TG1073838	19.1239756338653
20211112_980185_PostDnase_AW.rdml	G02	TG1073837	23.0398905266565
20211112_980185_PostDnase_AW.rdml	G01	TG1073836	15.5690942193957
20211112_980185_PostDnase_AW.rdml	F12	TG1073835	22.6946799234273
20211112_980185_PostDnase_AW.rdml	F11	TG1073834	23.8554290417484
20211112_980185_PostDnase_AW.rdml	F10	TG1073833	17.6547973924762
20211112_980185_PostDnase_AW.rdml	G07	TG1073842	31.5346592956961
20211112_980185_PostDnase_AW.rdml	G06	TG1073841	14.823652121246
20211112_980103_PostDnase_AW.rdml	B12	TG1073691	29.8217008430596
20211112_980103_PostDnase_AW.rdml	C01	TG1073692	NaN
20211112_980103_PostDnase_AW.rdml	C02	TG1073693	25.6614044459723
20211112_980103_PostDnase_AW.rdml	C03	TG1073694	11.904205553026
20211112_980103_PostDnase_AW.rdml	B08	TG1073687	27.0040976090621
20211112_980103_PostDnase_AW.rdml	B09	TG1073688	30.1674700102405
20211112_980103_PostDnase_AW.rdml	B10	TG1073689	19.8803474414274
20211112_980103_PostDnase_AW.rdml	B11	TG1073690	16.9829503600891
20211112_980103_PostDnase_AW.rdml	C04	TG1073695	19.6870328860586
20211112_980103_PostDnase_AW.rdml	C05	TG1073696	18.8708109623513
20211112_980103_PostDnase_AW.rdml	A04	TG1073671	30.4041289837634
20211112_980103_PostDnase_AW.rdml	A08	TG1073675	31.9306481898515
20211112_980103_PostDnase_AW.rdml	E11	TG1073726	17.8728090718556
20211112_980103_PostDnase_AW.rdml	E10	TG1073725	27.9749677520491
20211112_980103_PostDnase_AW.rdml	E07	TG1073722	22.7461980003014
20211112_980103_PostDnase_AW.rdml	E06	TG1073721	19.1554703295039
20211112_980103_PostDnase_AW.rdml	E09	TG1073724	19.27810290708
20211112_980103_PostDnase_AW.rdml	E08	TG1073723	24.8984251746201
20211112_980103_PostDnase_AW.rdml	E03	TG1073718	17.0628555151944
20211112_980103_PostDnase_AW.rdml	E02	TG1073717	NaN
20211112_980103_PostDnase_AW.rdml	E05	TG1073720	14.655258572626
20211112_980103_PostDnase_AW.rdml	E04	TG1073719	25.237633358492
20211112_980103_PostDnase_AW.rdml	H04	TG1073755	24.4654064810767
20211112_980103_PostDnase_AW.rdml	H05	TG1073756	17.8688549991658
20211112_980103_PostDnase_AW.rdml	G10	TG1073749	NaN
20211112_980103_PostDnase_AW.rdml	G11	TG1073750	25.1908184034415
20211112_980103_PostDnase_AW.rdml	G08	TG1073747	16.247117250281
20211112_980103_PostDnase_AW.rdml	G09	TG1073748	25.5596565352325
20211112_980103_PostDnase_AW.rdml	H02	TG1073753	21.94516537331
20211112_980103_PostDnase_AW.rdml	H03	TG1073754	19.2201006488358
20211112_980103_PostDnase_AW.rdml	G12	TG1073751	18.4904167529028
20211112_980103_PostDnase_AW.rdml	H01	TG1073752	13.8137552610156
20211112_980103_PostDnase_AW.rdml	A03	TG1073670	31.3117963673545
20211112_980103_PostDnase_AW.rdml	A07	TG1073674	23.926754431932
20211112_980103_PostDnase_AW.rdml	D03	TG1073706	16.9001520850056
20211112_980103_PostDnase_AW.rdml	D02	TG1073705	31.2351439141519
20211112_980103_PostDnase_AW.rdml	C09	TG1073700	20.8865449683006
20211112_980103_PostDnase_AW.rdml	C08	TG1073699	21.0872739279023
20211112_980103_PostDnase_AW.rdml	C07	TG1073698	17.0185330006914
20211112_980103_PostDnase_AW.rdml	C06	TG1073697	27.6207449711686
20211112_980103_PostDnase_AW.rdml	D01	TG1073704	17.9379849747272
20211112_980103_PostDnase_AW.rdml	C12	TG1073703	15.8849941292118
20211112_980103_PostDnase_AW.rdml	C11	TG1073702	NaN
20211112_980103_PostDnase_AW.rdml	C10	TG1073701	28.0952878102639
20211112_980103_PostDnase_AW.rdml	E12	TG1073727	21.3009189973747
20211112_980103_PostDnase_AW.rdml	F01	TG1073728	22.5340456482679
20211112_980103_PostDnase_AW.rdml	F02	TG1073729	16.8640922825007
20211112_980103_PostDnase_AW.rdml	F03	TG1073730	14.7206385952645
20211112_980103_PostDnase_AW.rdml	F04	TG1073731	17.7990516198343
20211112_980103_PostDnase_AW.rdml	F05	TG1073732	15.2673214251572
20211112_980103_PostDnase_AW.rdml	F06	TG1073733	27.7862529115357
20211112_980103_PostDnase_AW.rdml	F07	TG1073734	NaN
20211112_980103_PostDnase_AW.rdml	F08	TG1073735	NaN
20211112_980103_PostDnase_AW.rdml	F09	TG1073736	32.0485441334938
20211112_980103_PostDnase_AW.rdml	A02	TG1073669	NaN
20211112_980103_PostDnase_AW.rdml	A06	TG1073673	26.9028094703844
20211112_980103_PostDnase_AW.rdml	H07	TG1073758	16.1850418068265
20211112_980103_PostDnase_AW.rdml	H06	TG1073757	18.1382225818776
20211112_980103_PostDnase_AW.rdml	H09	TG1073760	22.066294670888
20211112_980103_PostDnase_AW.rdml	H08	TG1073759	22.7153918247212
20211112_980103_PostDnase_AW.rdml	H11	TG1073762	33.0721551009672
20211112_980103_PostDnase_AW.rdml	H10	TG1073761	18.8999381881758
20211112_980103_PostDnase_AW.rdml	H12	NTC	NaN
20211112_980103_PostDnase_AW.rdml	A11	TG1073678	25.9257086588114
20211112_980103_PostDnase_AW.rdml	A10	TG1073677	19.2285335132806
20211112_980103_PostDnase_AW.rdml	B01	TG1073680	27.7127072047814
20211112_980103_PostDnase_AW.rdml	A12	TG1073679	21.4493810563409
20211112_980103_PostDnase_AW.rdml	B03	TG1073682	30.8791588125073
20211112_980103_PostDnase_AW.rdml	B02	TG1073681	NaN
20211112_980103_PostDnase_AW.rdml	B05	TG1073684	30.3414905620261
20211112_980103_PostDnase_AW.rdml	B04	TG1073683	31.4710482435103
20211112_980103_PostDnase_AW.rdml	B07	TG1073686	24.0579624307807
20211112_980103_PostDnase_AW.rdml	B06	TG1073685	22.2574448363417
20211112_980103_PostDnase_AW.rdml	D12	TG1073715	23.7060439322641
20211112_980103_PostDnase_AW.rdml	E01	TG1073716	23.1427258372355
20211112_980103_PostDnase_AW.rdml	D10	TG1073713	NaN
20211112_980103_PostDnase_AW.rdml	D11	TG1073714	NaN
20211112_980103_PostDnase_AW.rdml	D08	TG1073711	15.4730645995433
20211112_980103_PostDnase_AW.rdml	D09	TG1073712	NaN
20211112_980103_PostDnase_AW.rdml	D06	TG1073709	24.3544369927295
20211112_980103_PostDnase_AW.rdml	D07	TG1073710	NaN
20211112_980103_PostDnase_AW.rdml	D04	TG1073707	23.6155958600666
20211112_980103_PostDnase_AW.rdml	D05	TG1073708	28.0061577193258
20211112_980103_PostDnase_AW.rdml	A01	TG1073668	NaN
20211112_980103_PostDnase_AW.rdml	A05	TG1073672	NaN
20211112_980103_PostDnase_AW.rdml	A09	TG1073676	25.2155436472075
20211112_980103_PostDnase_AW.rdml	G05	TG1073744	23.2221452514975
20211112_980103_PostDnase_AW.rdml	G04	TG1073743	21.1145000331304
20211112_980103_PostDnase_AW.rdml	G03	TG1073742	15.9363485483621
20211112_980103_PostDnase_AW.rdml	G02	TG1073741	16.747325254362
20211112_980103_PostDnase_AW.rdml	G01	TG1073740	17.7500367268948
20211112_980103_PostDnase_AW.rdml	F12	TG1073739	25.5315451055699
20211112_980103_PostDnase_AW.rdml	F11	TG1073738	21.5197178566721
20211112_980103_PostDnase_AW.rdml	F10	TG1073737	20.9785513867678
20211112_980103_PostDnase_AW.rdml	G07	TG1073746	17.2976258945165
20211112_980103_PostDnase_AW.rdml	G06	TG1073745	15.0642780898946
